"Profile","Id","Path","Slice Name","Alias(s)","Label","Min","Max","Must Support?","Is Modifier?","Is Summary?","Type(s)","Short","Definition","Comments","Requirements","Default Value","Meaning When Missing","Fixed Value","Pattern","Example","Minimum Value","Maximum Value","Maximum Length","Binding Strength","Binding Description","Binding Value Set","Code","Slicing Discriminator","Slicing Description","Slicing Ordered","Slicing Rules","Base Path","Base Min","Base Max","Condition(s)","Constraint(s)"
"ext-person-age","Extension","Extension","","","",0,*,"","","","null {[]} {[]}
","年龄","年龄","","","","","","","","","",,,,,"",,,,"Extension",0,*,"ele-1
","ele-1:All FHIR elements must have a @value or children {hasValue() or (children().count() > id.count())}
ext-1:Must have either extensions or value[x], not both {extension.exists() != value.exists()}"
"ext-person-age","Extension.id","Extension.id","","","",0,1,"","","","string {[]} {[]}
","唯一可识别ID，以供资料项目间相互参照。","resource中资料项目的唯一ID（用于内部参照）。这可以是任何不含空格的字串。","","","","","","","","","",,,,,"",,,,"Element.id",0,1,"",""
"ext-person-age","Extension.extension","Extension.extension","","","",0,0,"","","","Extension {[]} {[]}
","Extension","An Extension","","","","","","","","","",,,,,"","value:url}
","Extensions are always sliced by (at least) url",,"open","Element.extension",0,*,"","ele-1:All FHIR elements must have a @value or children {hasValue() or (children().count() > id.count())}
ext-1:Must have either extensions or value[x], not both {extension.exists() != value.exists()}"
"ext-person-age","Extension.url","Extension.url","","","",1,1,"","","","uri {[]} {[]}
","扩充的资料项目名称","扩充的资料项目之定义连结—一个逻辑名称或URL","此定义可直接指向可计算的或人类可读的扩充资料项目的定义，也可以是其他规范中声明的逻辑URI。此定义**必须（SHALL）** 定义扩充的结构定义的URI。","","","","<valueUri xmlns=""http://hl7.org/fhir"" value=""https://sm-ig.gihub.io/StructureDefinition/ext-person-age""/>","","","","",,,,,"",,,,"Extension.url",1,1,"",""
"ext-person-age","Extension.value[x]","Extension.value[x]","","","",0,1,"","","","Age {[]} {[]}
","扩充的资料项目的内容值","扩充的资料项目的内容值—必须是一组受限制的data type中的一个（清单请见[Extensibility](http://hl7.org/fhir/2021Mar/extensibility.html)）","","","","","","","","","",,,,,"",,,,"Extension.value[x]",0,1,"","ele-1:All FHIR elements must have a @value or children {hasValue() or (children().count() > id.count())}
"
"sm-patient","Patient","Patient","","SubjectOfCare Client Resident
","",0,*,"","","","null {[]} {[]}
","接受健康医护服务的个人信息","关于接受医护或其他健康相关服务的个人的人口统计学和其他行政信息。","","","","","","","","","",,,,,"",,,,"Patient",0,*,"","dom-2:If the resource is contained in another resource, it SHALL NOT contain nested Resources {contained.contained.empty()}
dom-3:If the resource is contained in another resource, it SHALL be referred to from elsewhere in the resource or SHALL refer to the containing resource {contained.where((('#'+id in (%resource.descendants().reference | %resource.descendants().as(canonical) | %resource.descendants().as(uri) | %resource.descendants().as(url))) or descendants().where(reference = '#').exists() or descendants().where(as(canonical) = '#').exists() or descendants().where(as(canonical) = '#').exists()).not()).trace('unmatched', id).empty()}dom-4:If a resource is contained in another resource, it SHALL NOT have a meta.versionId or a meta.lastUpdated {contained.meta.versionId.empty() and contained.meta.lastUpdated.empty()}dom-5:If a resource is contained in another resource, it SHALL NOT have a security label {contained.meta.security.empty()}dom-6:A resource should have narrative for robust management {text.`div`.exists()}"
"sm-patient","Patient.id","Patient.id","","","",0,1,"","","Y","id {[]} {[]}
","不重复的ID用以识别储存在特定FHIR Server中的Patient纪录，通常又称为逻辑性ID。","The logical id of the resource, as used in the URL for the resource. Once assigned, this value never changes.","一个resource使用新增操作（create operation）提交给伺服器时，此resource没有id，它的id在resource被创建后由伺器分配/指定。","","","","","","","","",,,,,"",,,,"Resource.id",0,1,"",""
"sm-patient","Patient.meta","Patient.meta","","","",0,1,"","","Y","Meta {[]} {[]}
","Metadata about the resource","The metadata about the resource. This is content that is maintained by the infrastructure. Changes to the content might not always be associated with version changes to the resource.","","","","","","","","","",,,,,"",,,,"Resource.meta",0,1,"","ele-1:All FHIR elements must have a @value or children {hasValue() or (children().count() > id.count())}
"
"sm-patient","Patient.implicitRules","Patient.implicitRules","","","",0,1,"","Y","Y","uri {[]} {[]}
","A set of rules under which this content was created","A reference to a set of rules that were followed when the resource was constructed, and which must be understood when processing the content. Often, this is a reference to an implementation guide that defines the special rules along with other profiles etc.","Asserting this rule set restricts the content to be only understood by a limited set of trading partners. This inherently limits the usefulness of the data in the long term. However, the existing health eco-system is highly fractured, and not yet ready to define, collect, and exchange data in a generally computable sense. Wherever possible, implementers and/or specification writers should avoid using this element. Often, when used, the URL is a reference to an implementation guide that defines these special rules as part of it's narrative along with other profiles, value sets, etc.","","","","","","","","",,,,,"",,,,"Resource.implicitRules",0,1,"","ele-1:All FHIR elements must have a @value or children {hasValue() or (children().count() > id.count())}
"
"sm-patient","Patient.language","Patient.language","","","",0,1,"","","","code {[]} {[]}
","用以表述Patient Resource内容的语言。","The base language in which the resource is written.","Language is provided to support indexing and accessibility (typically, services such as text to speech use the language tag). The html language tag in the narrative applies  to the narrative. The language tag on the resource may be used to specify the language of other presentations generated from the data in the resource. Not all the content has to be in the base language. The Resource.language should not be assumed to apply to the narrative automatically. If a language is specified, it should it also be specified on the div element in the html (see rules in HTML5 for information about the relationship between xml:lang and the html lang attribute).","","","","","","<valueString xmlns=""http://hl7.org/fhir"" value=""zh-cn""/>","","",,"preferred","","http://hl7.org/fhir/ValueSet/languages","",,,,"Resource.language",0,1,"","ele-1:All FHIR elements must have a @value or children {hasValue() or (children().count() > id.count())}
"
"sm-patient","Patient.text","Patient.text","","narrative
htmlxhtmldisplay","",0,1,"","","","Narrative {[]} {[]}
","Patient Resource之内容摘要以供人阅读","人可读的叙述，包含resource的摘要，可用于向人表述resource的内容。叙述不需要对所有的结构化资料进行编码，但需要包含足够的细节使人在阅读叙述时理解「临床安全性」。resource定义有哪些内容应该在叙述中表示，以确保临床安全。","Contained resources do not have narrative. Resources that are not contained SHOULD have a narrative. In some cases, a resource may only have text with little or no additional discrete data (as long as all minOccurs=1 elements are satisfied).  This may be necessary for data from legacy systems where information is captured as a ""text blob"" or where text is additionally entered raw or narrated and encoded information is added later.","","","","","","","","",,,,,"",,,,"DomainResource.text",0,1,"","ele-1:All FHIR elements must have a @value or children {hasValue() or (children().count() > id.count())}
"
"sm-patient","Patient.contained","Patient.contained","","inline resources
anonymous resourcescontained resources","",0,*,"","","","Resource {[]} {[]}
","Contained, inline Resources","These resources do not have an independent existence apart from the resource that contains them - they cannot be identified independently, and nor can they have their own independent transaction scope.","This should never be done when the content can be identified properly, as once identification is lost, it is extremely difficult (and context dependent) to restore it again. Contained resources may have profiles and tags In their meta elements, but SHALL NOT have security labels.","","","","","","","","",,,,,"",,,,"DomainResource.contained",0,*,"",""
"sm-patient","Patient.extension","Patient.extension","","","",0,*,"","","","Extension {[]} {[]}
","Extension","An Extension","任何应用程序、专案或标准使用扩充时，都不应该带有任何负面的联想。使用扩充是允许FHIR规范为每个人保留一个核心的简易性。","","","","","","","","",,,,,"","value:url}
","",,"open","DomainResource.extension",0,*,"","ele-1:All FHIR elements must have a @value or children {hasValue() or (children().count() > id.count())}
ext-1:Must have either extensions or value[x], not both {extension.exists() != value.exists()}"
"sm-patient","Patient.extension:age","Patient.extension","age","","",0,1,"Y","","","Extension {[CanonicalType[https://sm-ig.gihub.io/StructureDefinition/ext-person-age]]} {[]}
","年龄","年龄","","","","","","","","","",,,,,"",,,,"DomainResource.extension",0,*,"ele-1
","ele-1:All FHIR elements must have a @value or children {hasValue() or (children().count() > id.count())}
ext-1:Must have either extensions or value[x], not both {extension.exists() != value.exists()}"
"sm-patient","Patient.extension:nationality","Patient.extension","nationality","","",0,1,"Y","","","Extension {[CanonicalType[http://hl7.org/fhir/StructureDefinition/patient-nationality]]} {[]}
","病人所属国籍","The nationality of the patient.","","","","","","","","","",,,,,"",,,,"DomainResource.extension",0,*,"","ele-1:All FHIR elements must have a @value or children {hasValue() or (children().count() > id.count())}
ext-1:Must have either extensions or value[x], not both {extension.exists() != value.exists()}"
"sm-patient","Patient.modifierExtension","Patient.modifierExtension","","extensions
user content","",0,*,"","Y","","Extension {[]} {[]}
","Extensions that cannot be ignored","May be used to represent additional information that is not part of the basic definition of the resource and that modifies the understanding of the element that contains it and/or the understanding of the containing element's descendants. Usually modifier elements provide negation or qualification. To make the use of extensions safe and manageable, there is a strict set of governance applied to the definition and use of extensions. Though any implementer is allowed to define an extension, there is a set of requirements that SHALL be met as part of the definition of the extension. Applications processing a resource are required to check for modifier extensions.

Modifier extensions SHALL NOT change the meaning of any elements on Resource or DomainResource (including cannot change the meaning of modifierExtension itself).","There can be no stigma associated with the use of extensions by any application, project, or standard - regardless of the institution or jurisdiction that uses or defines the extensions.  The use of extensions is what allows the FHIR specification to retain a core level of simplicity for everyone.","Modifier extensions allow for extensions that *cannot* be safely ignored to be clearly distinguished from the vast majority of extensions which can be safely ignored.  This promotes interoperability by eliminating the need for implementers to prohibit the presence of extensions. For further information, see the [definition of modifier extensions](http://hl7.org/fhir/R4/extensibility.html#modifierExtension).","","","","","","","",,,,,"",,,,"DomainResource.modifierExtension",0,*,"","ele-1:All FHIR elements must have a @value or children {hasValue() or (children().count() > id.count())}
ext-1:Must have either extensions or value[x], not both {extension.exists() != value.exists()}"
"sm-patient","Patient.identifier","Patient.identifier","","","",1,*,"Y","","Y","Identifier {[]} {[]}
","病人的身份识别码（identifier），通常为业务目的所使用的识别码，例如病历号。","病人的唯一识别码（identifier）","","病人几乎总是被指定一个特定的数值型的唯一识别码（identifier）","","","","","","","",,,,,"","value:type.coding.code}
value:type.coding.system}","",,"open","Patient.identifier",0,*,"","ele-1:All FHIR elements must have a @value or children {hasValue() or (children().count() > id.count())}
"
"sm-patient","Patient.identifier:idCardNumber","Patient.identifier","idCardNumber","","",0,1,"Y","","Y","Identifier {[]} {[]}
","适用身分证字号","适用于身分证字号","","Patients are almost always assigned specific numerical identifiers.","","","","","","","",,,,,"",,,,"Patient.identifier",0,*,"","ele-1:All FHIR elements must have a @value or children {hasValue() or (children().count() > id.count())}
"
"sm-patient","Patient.identifier:idCardNumber.id","Patient.identifier.id","","","",0,1,"","","","string {[]} {[]}
","Unique id for inter-element referencing","Unique id for the element within a resource (for internal references). This may be any string value that does not contain spaces.","","","","","","","","","",,,,,"",,,,"Element.id",0,1,"",""
"sm-patient","Patient.identifier:idCardNumber.extension","Patient.identifier.extension","","extensions
user content","",0,*,"","","","Extension {[]} {[]}
","Additional content defined by implementations","May be used to represent additional information that is not part of the basic definition of the element. To make the use of extensions safe and manageable, there is a strict set of governance  applied to the definition and use of extensions. Though any implementer can define an extension, there is a set of requirements that SHALL be met as part of the definition of the extension.","There can be no stigma associated with the use of extensions by any application, project, or standard - regardless of the institution or jurisdiction that uses or defines the extensions.  The use of extensions is what allows the FHIR specification to retain a core level of simplicity for everyone.","","","","","","","","",,,,,"","value:url}
","Extensions are always sliced by (at least) url",,"open","Element.extension",0,*,"","ele-1:All FHIR elements must have a @value or children {hasValue() or (children().count() > id.count())}
ext-1:Must have either extensions or value[x], not both {extension.exists() != value.exists()}"
"sm-patient","Patient.identifier:idCardNumber.use","Patient.identifier.use","","","",0,1,"Y","Y","Y","code {[]} {[]}
","usual ｜ official ｜ temp ｜ secondary ｜ old （如果知道）","这个唯一识别码（identifier）的用途","应用程序可以假定一个识别码是永久的，除非它明确说它是暂时的。","允许从一组识别码中为特定的使用场景选择适当的识别码","","","","<valueCode xmlns=""http://hl7.org/fhir"" value=""official""/>","","","",,"required","如果知道，请说明此识别码的目的；应填入所绑定值集中的其中一个代码。","http://hl7.org/fhir/ValueSet/identifier-use|4.0.1","",,,,"Identifier.use",0,1,"","ele-1:All FHIR elements must have a @value or children {hasValue() or (children().count() > id.count())}
"
"sm-patient","Patient.identifier:idCardNumber.type","Patient.identifier.type","","","",1,1,"Y","","Y","CodeableConcept {[]} {[]}
","身份识别码（identifier）的型别说明","识别码的代码型别，用于决定特定目适用的识别码。","这个资料项目只涉及识别码的一般类别。它 **必须没有（SHALL NOT）** 被用于与Identifier.system 1..1对应的代码。一些识别码可能由于常见的用法而属于多个类别。在系统是已知的情况下，型别是不必要的，因为型别总是系统定义的一部分。然而，系统经常需要处理系统不为人知的识别码。型别和系统之间不是1:1的关系，因为许多不同的系统有相同的型别。","允许使用者在不知道识别码系统的情况下利用识别码","","","","","","","",,"extensible","识别码的型别，用于决定特定目的所适用的识别码；应填入所绑定值集中适合的代码，确定无适合的代码才可以使用其他值集的代码来表示。","https://sm-ig.gihub.io/ValueSet/identifier-type","",,,,"Identifier.type",0,1,"","ele-1:All FHIR elements must have a @value or children {hasValue() or (children().count() > id.count())}
"
"sm-patient","Patient.identifier:idCardNumber.type.id","Patient.identifier.type.id","","","",0,1,"","","","string {[]} {[]}
","Unique id for inter-element referencing","Unique id for the element within a resource (for internal references). This may be any string value that does not contain spaces.","","","","","","","","","",,,,,"",,,,"Element.id",0,1,"",""
"sm-patient","Patient.identifier:idCardNumber.type.extension","Patient.identifier.type.extension","","extensions
user content","",0,*,"","","","Extension {[]} {[]}
","Additional content defined by implementations","May be used to represent additional information that is not part of the basic definition of the element. To make the use of extensions safe and manageable, there is a strict set of governance  applied to the definition and use of extensions. Though any implementer can define an extension, there is a set of requirements that SHALL be met as part of the definition of the extension.","There can be no stigma associated with the use of extensions by any application, project, or standard - regardless of the institution or jurisdiction that uses or defines the extensions.  The use of extensions is what allows the FHIR specification to retain a core level of simplicity for everyone.","","","","","","","","",,,,,"","value:url}
","Extensions are always sliced by (at least) url",,"open","Element.extension",0,*,"","ele-1:All FHIR elements must have a @value or children {hasValue() or (children().count() > id.count())}
ext-1:Must have either extensions or value[x], not both {extension.exists() != value.exists()}"
"sm-patient","Patient.identifier:idCardNumber.type.coding","Patient.identifier.type.coding","","","",1,*,"","","Y","Coding {[]} {[]}
","由专门术语系统（terminology system）定义的代码","由专门术语系统（terminology system）所定义之代码的参照","代码可以在列举清单（enumerations）或代码清单（code lists）中非常随意地定义，直至有非常正式的定义，例如：SNOMED CT—更多信息见HL7 v3核心原则（Core Principles）。编码的排序是未定义的因而 **必须没有（SHALL NOT）** 被用来推断意义。一般来说，最多只有一个编码值（coding values）会被标记为UserSelected = true。","允许代码系统中的替代编码，以及翻译到其他编码系统。","","","","","","","",,,,,"",,,,"CodeableConcept.coding",0,*,"","ele-1:All FHIR elements must have a @value or children {hasValue() or (children().count() > id.count())}
"
"sm-patient","Patient.identifier:idCardNumber.type.coding.id","Patient.identifier.type.coding.id","","","",0,1,"","","","string {[]} {[]}
","Unique id for inter-element referencing","Unique id for the element within a resource (for internal references). This may be any string value that does not contain spaces.","","","","","","","","","",,,,,"",,,,"Element.id",0,1,"",""
"sm-patient","Patient.identifier:idCardNumber.type.coding.extension","Patient.identifier.type.coding.extension","","extensions
user content","",0,*,"","","","Extension {[]} {[]}
","Additional content defined by implementations","May be used to represent additional information that is not part of the basic definition of the element. To make the use of extensions safe and manageable, there is a strict set of governance  applied to the definition and use of extensions. Though any implementer can define an extension, there is a set of requirements that SHALL be met as part of the definition of the extension.","There can be no stigma associated with the use of extensions by any application, project, or standard - regardless of the institution or jurisdiction that uses or defines the extensions.  The use of extensions is what allows the FHIR specification to retain a core level of simplicity for everyone.","","","","","","","","",,,,,"","value:url}
","Extensions are always sliced by (at least) url",,"open","Element.extension",0,*,"","ele-1:All FHIR elements must have a @value or children {hasValue() or (children().count() > id.count())}
ext-1:Must have either extensions or value[x], not both {extension.exists() != value.exists()}"
"sm-patient","Patient.identifier:idCardNumber.type.coding.system","Patient.identifier.type.coding.system","","","",1,1,"Y","","Y","uri {[]} {[]}
","专门术语系统（terminology system）的识别","定义代码中符号意义的代码系统识别","URI可以是一个OID（urn:oid:...）或一个UUID（urn:uuid:...）；OID和UUID **必须（SHALL）** 参照HL7 OID注册中心；否则，URI应该来自HL7的FHIR定义的特殊URI列表，或者它应该参照一些明确建立的系统定义。","需要明确说明符号定义的来源","","","","<valueUri xmlns=""http://hl7.org/fhir"" value=""http://terminology.hl7.org/CodeSystem/v2-0203""/>","","","",,,,,"",,,,"Coding.system",0,1,"","ele-1:All FHIR elements must have a @value or children {hasValue() or (children().count() > id.count())}
"
"sm-patient","Patient.identifier:idCardNumber.type.coding.version","Patient.identifier.type.coding.version","","","",0,1,"","","Y","string {[]} {[]}
","系统的版本—如果相关的话","选择此代码时使用的代码系统版本；请注意，一个维护良好的代码系统不需要版本报告，因为代码的意义在不同系统版本中是一致的；然而，不能始终保证这点，当不能保证意义一致时， **必须（SHALL）** 将版本信息也一并作交换。","如果专门术语没有明确定义应该使用什么字串来识别代码系统的版本，建议使用版本正式发布的日期（用FHIR日期格式表示）作为版本日期。","","","","","","","","",,,,,"",,,,"Coding.version",0,1,"","ele-1:All FHIR elements must have a @value or children {hasValue() or (children().count() > id.count())}
"
"sm-patient","Patient.identifier:idCardNumber.type.coding.code","Patient.identifier.type.coding.code","","","",1,1,"Y","","Y","code {[]} {[]}
","系统定义的语法之符号","系统定义的语法之符号；符号可能是一个预先定义的代码，也可能是代码系统定义的语法中的表达式（如后组合配对／后组合式）。","","需要参照系统中的一个特定代码","","","","<valueCode xmlns=""http://hl7.org/fhir"" value=""NNxxx""/>","","","",,,,,"",,,,"Coding.code",0,1,"","ele-1:All FHIR elements must have a @value or children {hasValue() or (children().count() > id.count())}
"
"sm-patient","Patient.identifier:idCardNumber.type.coding.display","Patient.identifier.type.coding.display","","","",0,1,"Y","","Y","string {[]} {[]}
","由编码系统定义的描述","遵循系统的规则以呈现代码含义的描述","","需要能为不了解此系统的读者呈现可读的代码含义","","","","","","","",,,,,"",,,,"Coding.display",0,1,"","ele-1:All FHIR elements must have a @value or children {hasValue() or (children().count() > id.count())}
"
"sm-patient","Patient.identifier:idCardNumber.type.coding.userSelected","Patient.identifier.type.coding.userSelected","","","",0,1,"","","Y","boolean {[]} {[]}
","此编码是否由使用者直接选择？","表明此编码是由使用者直接选择，例如：从可用项目（代码或显示名称）的清单中选择。","在一系列备选方案中，直接选择的代码是新翻译最合适的起点；关于「直接选择」的确切意义，存在模糊不清之处，可能需要贸易伙伴的同意，以更完整澄清此资料项目的使用及其后果。","已被确定为一个临床安全准则—此确切的系统／代码对(code pair)是被明确选择的，而不是由编码系统根据一些规则或是程序语言处理判断。","","","","","","","",,,,,"",,,,"Coding.userSelected",0,1,"","ele-1:All FHIR elements must have a @value or children {hasValue() or (children().count() > id.count())}
"
"sm-patient","Patient.identifier:idCardNumber.type.text","Patient.identifier.type.text","","","",0,1,"Y","","Y","string {[]} {[]}
","概念的文字描述","输入资料的使用者所见／所选／所说的人类可读文字表述，和（或）其代表使用者的预期含义。","很多时候，此文字表述与其中一个代码的显示名称相同。","专门术语中的代码并不总是能捕捉人类使用的细微差别的正确意义，或者根本就没有合适的代码；这些情况下，文字表述被用来捕捉来源的全部意义。","","","","","","","",,,,,"",,,,"CodeableConcept.text",0,1,"","ele-1:All FHIR elements must have a @value or children {hasValue() or (children().count() > id.count())}
"
"sm-patient","Patient.identifier:idCardNumber.system","Patient.identifier.system","","","",1,1,"Y","","Y","uri {[]} {[]}
","身份识别码（identifier）的命名空间（namespace）","建立值的命名空间－即一个描述一组值的唯一URL","Identifier.system总是区分大小写","有许多识别码的集合。为了进行两个识别码的对应，我们需要知道我们处理的是哪一组。系统指明了一个特定的唯一识别码集。","","","","<valueUri xmlns=""http://hl7.org/fhir"" value=""IdCardNumber""/>","<valueUri xmlns=""http://hl7.org/fhir"" value=""http://www.acme.com/identifiers/patient""/>","","",,,,,"",,,,"Identifier.system",0,1,"","ele-1:All FHIR elements must have a @value or children {hasValue() or (children().count() > id.count())}
"
"sm-patient","Patient.identifier:idCardNumber.value","Patient.identifier.value","","","",1,1,"Y","","Y","string {[]} {[]}
","唯一值。
例如：身分证字号为A123456789","识别码中通常与使用者有关的部分，在编码系统作用域内是唯一的。","If the value is a full URI, then the system SHALL be urn:ietf:rfc:3986.  The value's primary purpose is computational mapping.  As a result, it may be normalized for comparison purposes (e.g. removing non-significant whitespace, dashes, etc.)  A value formatted for human display can be conveyed using the [Rendered Value extension](http://hl7.org/fhir/R4/extension-rendered-value.html). Identifier.value is to be treated as case sensitive unless knowledge of the Identifier.system allows the processer to be confident that non-case-sensitive processing is safe.","","","","","","<valueString xmlns=""http://hl7.org/fhir"" value=""123456""/>","","",,,,,"",,,,"Identifier.value",0,1,"","ele-1:All FHIR elements must have a @value or children {hasValue() or (children().count() > id.count())}
"
"sm-patient","Patient.identifier:idCardNumber.period","Patient.identifier.period","","","",0,1,"","","Y","Period {[]} {[]}
","此身份识别码（identifier）的使用效期","识别码有效／曾经有效使用的时段或期间","","","","","","","","","",,,,,"",,,,"Identifier.period",0,1,"","ele-1:All FHIR elements must have a @value or children {hasValue() or (children().count() > id.count())}
"
"sm-patient","Patient.identifier:idCardNumber.assigner","Patient.identifier.assigner","","","",0,1,"","","Y","Reference {[]} {[CanonicalType[http://hl7.org/fhir/StructureDefinition/Organization]]}
","签发identifier的机构（可以只是文字表述）","签发／管理识别码的机构","Identifier.assigner可以省略.reference资料项目，只包含一个.display资料项目，反映指定机构的名称或其他文字表述信息。","","","","","","","","",,,,,"",,,,"Identifier.assigner",0,1,"","ele-1:All FHIR elements must have a @value or children {hasValue() or (children().count() > id.count())}
"
"sm-patient","Patient.identifier:passportNumber","Patient.identifier","passportNumber","","",0,1,"Y","","Y","Identifier {[]} {[]}
","适用护照号码","适用于护照号码","","Patients are almost always assigned specific numerical identifiers.","","","","","","","",,,,,"",,,,"Patient.identifier",0,*,"","ele-1:All FHIR elements must have a @value or children {hasValue() or (children().count() > id.count())}
"
"sm-patient","Patient.identifier:passportNumber.id","Patient.identifier.id","","","",0,1,"","","","string {[]} {[]}
","Unique id for inter-element referencing","Unique id for the element within a resource (for internal references). This may be any string value that does not contain spaces.","","","","","","","","","",,,,,"",,,,"Element.id",0,1,"",""
"sm-patient","Patient.identifier:passportNumber.extension","Patient.identifier.extension","","extensions
user content","",0,*,"","","","Extension {[]} {[]}
","Additional content defined by implementations","May be used to represent additional information that is not part of the basic definition of the element. To make the use of extensions safe and manageable, there is a strict set of governance  applied to the definition and use of extensions. Though any implementer can define an extension, there is a set of requirements that SHALL be met as part of the definition of the extension.","There can be no stigma associated with the use of extensions by any application, project, or standard - regardless of the institution or jurisdiction that uses or defines the extensions.  The use of extensions is what allows the FHIR specification to retain a core level of simplicity for everyone.","","","","","","","","",,,,,"","value:url}
","Extensions are always sliced by (at least) url",,"open","Element.extension",0,*,"","ele-1:All FHIR elements must have a @value or children {hasValue() or (children().count() > id.count())}
ext-1:Must have either extensions or value[x], not both {extension.exists() != value.exists()}"
"sm-patient","Patient.identifier:passportNumber.use","Patient.identifier.use","","","",0,1,"Y","Y","Y","code {[]} {[]}
","usual ｜ official ｜ temp ｜ secondary ｜ old （如果知道）","这个唯一识别码（identifier）的用途","应用程序可以假定一个识别码是永久的，除非它明确说它是暂时的。","允许从一组识别码中为特定的使用场景选择适当的识别码","","","","<valueCode xmlns=""http://hl7.org/fhir"" value=""official""/>","","","",,"required","如果知道，请说明此识别码的目的；应填入所绑定值集中的其中一个代码。","http://hl7.org/fhir/ValueSet/identifier-use|4.0.1","",,,,"Identifier.use",0,1,"","ele-1:All FHIR elements must have a @value or children {hasValue() or (children().count() > id.count())}
"
"sm-patient","Patient.identifier:passportNumber.type","Patient.identifier.type","","","",1,1,"Y","","Y","CodeableConcept {[]} {[]}
","身份识别码（identifier）的型别说明","识别码的代码型别，用于决定特定目适用的识别码。","这个资料项目只涉及识别码的一般类别。它 **必须没有（SHALL NOT）** 被用于与Identifier.system 1..1对应的代码。一些识别码可能由于常见的用法而属于多个类别。在系统是已知的情况下，型别是不必要的，因为型别总是系统定义的一部分。然而，系统经常需要处理系统不为人知的识别码。型别和系统之间不是1:1的关系，因为许多不同的系统有相同的型别。","允许使用者在不知道识别码系统的情况下利用识别码","","","","","","","",,"extensible","识别码的型别，用于决定特定目的所适用的识别码；应填入所绑定值集中适合的代码，确定无适合的代码才可以使用其他值集的代码来表示。","https://sm-ig.gihub.io/ValueSet/identifier-type","",,,,"Identifier.type",0,1,"","ele-1:All FHIR elements must have a @value or children {hasValue() or (children().count() > id.count())}
"
"sm-patient","Patient.identifier:passportNumber.type.id","Patient.identifier.type.id","","","",0,1,"","","","string {[]} {[]}
","Unique id for inter-element referencing","Unique id for the element within a resource (for internal references). This may be any string value that does not contain spaces.","","","","","","","","","",,,,,"",,,,"Element.id",0,1,"",""
"sm-patient","Patient.identifier:passportNumber.type.extension","Patient.identifier.type.extension","","extensions
user content","",0,*,"","","","Extension {[]} {[]}
","Additional content defined by implementations","May be used to represent additional information that is not part of the basic definition of the element. To make the use of extensions safe and manageable, there is a strict set of governance  applied to the definition and use of extensions. Though any implementer can define an extension, there is a set of requirements that SHALL be met as part of the definition of the extension.","There can be no stigma associated with the use of extensions by any application, project, or standard - regardless of the institution or jurisdiction that uses or defines the extensions.  The use of extensions is what allows the FHIR specification to retain a core level of simplicity for everyone.","","","","","","","","",,,,,"","value:url}
","Extensions are always sliced by (at least) url",,"open","Element.extension",0,*,"","ele-1:All FHIR elements must have a @value or children {hasValue() or (children().count() > id.count())}
ext-1:Must have either extensions or value[x], not both {extension.exists() != value.exists()}"
"sm-patient","Patient.identifier:passportNumber.type.coding","Patient.identifier.type.coding","","","",1,*,"Y","","Y","Coding {[]} {[]}
","由专门术语系统（terminology system）定义的代码","由专门术语系统（terminology system）所定义之代码的参照","代码可以在列举清单（enumerations）或代码清单（code lists）中非常随意地定义，直至有非常正式的定义，例如：SNOMED CT—更多信息见HL7 v3核心原则（Core Principles）。编码的排序是未定义的因而 **必须没有（SHALL NOT）** 被用来推断意义。一般来说，最多只有一个编码值（coding values）会被标记为UserSelected = true。","允许代码系统中的替代编码，以及翻译到其他编码系统。","","","","","","","",,,,,"",,,,"CodeableConcept.coding",0,*,"","ele-1:All FHIR elements must have a @value or children {hasValue() or (children().count() > id.count())}
"
"sm-patient","Patient.identifier:passportNumber.type.coding.id","Patient.identifier.type.coding.id","","","",0,1,"","","","string {[]} {[]}
","Unique id for inter-element referencing","Unique id for the element within a resource (for internal references). This may be any string value that does not contain spaces.","","","","","","","","","",,,,,"",,,,"Element.id",0,1,"",""
"sm-patient","Patient.identifier:passportNumber.type.coding.extension","Patient.identifier.type.coding.extension","","extensions
user content","",0,*,"","","","Extension {[]} {[]}
","Additional content defined by implementations","May be used to represent additional information that is not part of the basic definition of the element. To make the use of extensions safe and manageable, there is a strict set of governance  applied to the definition and use of extensions. Though any implementer can define an extension, there is a set of requirements that SHALL be met as part of the definition of the extension.","There can be no stigma associated with the use of extensions by any application, project, or standard - regardless of the institution or jurisdiction that uses or defines the extensions.  The use of extensions is what allows the FHIR specification to retain a core level of simplicity for everyone.","","","","","","","","",,,,,"","value:url}
","Extensions are always sliced by (at least) url",,"open","Element.extension",0,*,"","ele-1:All FHIR elements must have a @value or children {hasValue() or (children().count() > id.count())}
ext-1:Must have either extensions or value[x], not both {extension.exists() != value.exists()}"
"sm-patient","Patient.identifier:passportNumber.type.coding.system","Patient.identifier.type.coding.system","","","",1,1,"Y","","Y","uri {[]} {[]}
","专门术语系统（terminology system）的识别","定义代码中符号意义的代码系统识别","URI可以是一个OID（urn:oid:...）或一个UUID（urn:uuid:...）；OID和UUID **必须（SHALL）** 参照HL7 OID注册中心；否则，URI应该来自HL7的FHIR定义的特殊URI列表，或者它应该参照一些明确建立的系统定义。","需要明确说明符号定义的来源","","","","<valueUri xmlns=""http://hl7.org/fhir"" value=""http://terminology.hl7.org/CodeSystem/v2-0203""/>","","","",,,,,"",,,,"Coding.system",0,1,"","ele-1:All FHIR elements must have a @value or children {hasValue() or (children().count() > id.count())}
"
"sm-patient","Patient.identifier:passportNumber.type.coding.version","Patient.identifier.type.coding.version","","","",0,1,"","","Y","string {[]} {[]}
","系统的版本—如果相关的话","选择此代码时使用的代码系统版本；请注意，一个维护良好的代码系统不需要版本报告，因为代码的意义在不同系统版本中是一致的；然而，不能始终保证这点，当不能保证意义一致时， **必须（SHALL）** 将版本信息也一并作交换。","如果专门术语没有明确定义应该使用什么字串来识别代码系统的版本，建议使用版本正式发布的日期（用FHIR日期格式表示）作为版本日期。","","","","","","","","",,,,,"",,,,"Coding.version",0,1,"","ele-1:All FHIR elements must have a @value or children {hasValue() or (children().count() > id.count())}
"
"sm-patient","Patient.identifier:passportNumber.type.coding.code","Patient.identifier.type.coding.code","","","",1,1,"Y","","Y","code {[]} {[]}
","系统定义的语法之符号","系统定义的语法之符号；符号可能是一个预先定义的代码，也可能是代码系统定义的语法中的表达式（如后组合配对／后组合式）。","","需要参照系统中的一个特定代码","","","","<valueCode xmlns=""http://hl7.org/fhir"" value=""PPN""/>","","","",,,,,"",,,,"Coding.code",0,1,"","ele-1:All FHIR elements must have a @value or children {hasValue() or (children().count() > id.count())}
"
"sm-patient","Patient.identifier:passportNumber.type.coding.display","Patient.identifier.type.coding.display","","","",0,1,"Y","","Y","string {[]} {[]}
","由编码系统定义的描述","遵循系统的规则以呈现代码含义的描述","","需要能为不了解此系统的读者呈现可读的代码含义","","","","","","","",,,,,"",,,,"Coding.display",0,1,"","ele-1:All FHIR elements must have a @value or children {hasValue() or (children().count() > id.count())}
"
"sm-patient","Patient.identifier:passportNumber.type.coding.userSelected","Patient.identifier.type.coding.userSelected","","","",0,1,"","","Y","boolean {[]} {[]}
","此编码是否由使用者直接选择？","表明此编码是由使用者直接选择，例如：从可用项目（代码或显示名称）的清单中选择。","在一系列备选方案中，直接选择的代码是新翻译最合适的起点；关于「直接选择」的确切意义，存在模糊不清之处，可能需要贸易伙伴的同意，以更完整澄清此资料项目的使用及其后果。","已被确定为一个临床安全准则—此确切的系统／代码对(code pair)是被明确选择的，而不是由编码系统根据一些规则或是程序语言处理判断。","","","","","","","",,,,,"",,,,"Coding.userSelected",0,1,"","ele-1:All FHIR elements must have a @value or children {hasValue() or (children().count() > id.count())}
"
"sm-patient","Patient.identifier:passportNumber.type.text","Patient.identifier.type.text","","","",0,1,"Y","","Y","string {[]} {[]}
","概念的文字描述","输入资料的使用者所见／所选／所说的人类可读文字表述，和（或）其代表使用者的预期含义。","很多时候，此文字表述与其中一个代码的显示名称相同。","专门术语中的代码并不总是能捕捉人类使用的细微差别的正确意义，或者根本就没有合适的代码；这些情况下，文字表述被用来捕捉来源的全部意义。","","","","","","","",,,,,"",,,,"CodeableConcept.text",0,1,"","ele-1:All FHIR elements must have a @value or children {hasValue() or (children().count() > id.count())}
"
"sm-patient","Patient.identifier:passportNumber.system","Patient.identifier.system","","","",1,1,"Y","","Y","uri {[]} {[]}
","身份识别码（identifier）的命名空间（namespace ）","建立值的命名空间－即一个描述一组值的唯一URL","Identifier.system总是区分大小写","有许多识别码的集合。为了进行两个识别码的对应，我们需要知道我们处理的是哪一组。系统指明了一个特定的唯一识别码集。","","","","<valueUri xmlns=""http://hl7.org/fhir"" value=""PassportNumber""/>","<valueUri xmlns=""http://hl7.org/fhir"" value=""http://www.acme.com/identifiers/patient""/>","","",,,,,"",,,,"Identifier.system",0,1,"","ele-1:All FHIR elements must have a @value or children {hasValue() or (children().count() > id.count())}
"
"sm-patient","Patient.identifier:passportNumber.value","Patient.identifier.value","","","",1,1,"Y","","Y","string {[]} {[]}
","唯一值。 例如：护照号码为888800371","识别码中通常与使用者有关的部分，在编码系统作用域内是唯一的。","如果此值是一个完整的URI，那么此系统 **必须（SHALL）** 是urn:ietf:rfc:3986。此值的主要目的是为了可运算的对应。因此，为了比较的目的，它可能会被正规化（例如：去除不重要的空白、破折号等）。一个为人显示的格式化的值可以使用[Rendered Value](http://hl7.org/fhir/R4/extension-rendered-value.html)扩充来传达。除非对Identifier.system的了解使处理者确信不区分大小写的处理是安全的，否则Identifier.value应被视为区分大小写。","","","","","","<valueString xmlns=""http://hl7.org/fhir"" value=""123456""/>","","",,,,,"",,,,"Identifier.value",0,1,"","ele-1:All FHIR elements must have a @value or children {hasValue() or (children().count() > id.count())}
"
"sm-patient","Patient.identifier:passportNumber.period","Patient.identifier.period","","","",0,1,"","","Y","Period {[]} {[]}
","此身份识别码（identifier）的使用效期","识别码有效／曾经有效使用的时段或期间","","","","","","","","","",,,,,"",,,,"Identifier.period",0,1,"","ele-1:All FHIR elements must have a @value or children {hasValue() or (children().count() > id.count())}
"
"sm-patient","Patient.identifier:passportNumber.assigner","Patient.identifier.assigner","","","",0,1,"","","Y","Reference {[]} {[CanonicalType[http://hl7.org/fhir/StructureDefinition/Organization]]}
","签发identifier的机构（可以只是文字表述）","签发／管理识别码的机构","Identifier.assigner可以省略.reference资料项目，只包含一个.display资料项目，反映指定机构的名称或其他文字表述信息。","","","","","","","","",,,,,"",,,,"Identifier.assigner",0,1,"","ele-1:All FHIR elements must have a @value or children {hasValue() or (children().count() > id.count())}
"
"sm-patient","Patient.identifier:residentNumber","Patient.identifier","residentNumber","","",0,1,"Y","","Y","Identifier {[]} {[]}
","适用居住证号码","适用于居住证号码","","Patients are almost always assigned specific numerical identifiers.","","","","","","","",,,,,"",,,,"Patient.identifier",0,*,"","ele-1:All FHIR elements must have a @value or children {hasValue() or (children().count() > id.count())}
"
"sm-patient","Patient.identifier:residentNumber.id","Patient.identifier.id","","","",0,1,"","","","string {[]} {[]}
","Unique id for inter-element referencing","Unique id for the element within a resource (for internal references). This may be any string value that does not contain spaces.","","","","","","","","","",,,,,"",,,,"Element.id",0,1,"",""
"sm-patient","Patient.identifier:residentNumber.extension","Patient.identifier.extension","","extensions
user content","",0,*,"","","","Extension {[]} {[]}
","Additional content defined by implementations","May be used to represent additional information that is not part of the basic definition of the element. To make the use of extensions safe and manageable, there is a strict set of governance  applied to the definition and use of extensions. Though any implementer can define an extension, there is a set of requirements that SHALL be met as part of the definition of the extension.","There can be no stigma associated with the use of extensions by any application, project, or standard - regardless of the institution or jurisdiction that uses or defines the extensions.  The use of extensions is what allows the FHIR specification to retain a core level of simplicity for everyone.","","","","","","","","",,,,,"","value:url}
","Extensions are always sliced by (at least) url",,"open","Element.extension",0,*,"","ele-1:All FHIR elements must have a @value or children {hasValue() or (children().count() > id.count())}
ext-1:Must have either extensions or value[x], not both {extension.exists() != value.exists()}"
"sm-patient","Patient.identifier:residentNumber.use","Patient.identifier.use","","","",0,1,"Y","Y","Y","code {[]} {[]}
","usual ｜ official ｜ temp ｜ secondary ｜ old （如果知道）","这个唯一识别码（identifier）的用途","应用程序可以假定一个识别码是永久的，除非它明确说它是暂时的。","允许从一组识别码中为特定的使用场景选择适当的识别码","","","","<valueCode xmlns=""http://hl7.org/fhir"" value=""official""/>","","","",,"required","如果知道，请说明此识别码的目的；应填入所绑定值集中的其中一个代码。","http://hl7.org/fhir/ValueSet/identifier-use|4.0.1","",,,,"Identifier.use",0,1,"","ele-1:All FHIR elements must have a @value or children {hasValue() or (children().count() > id.count())}
"
"sm-patient","Patient.identifier:residentNumber.type","Patient.identifier.type","","","",1,1,"Y","","Y","CodeableConcept {[]} {[]}
","身份识别码（identifier）的型别说明","识别码的代码型别，用于决定特定目适用的识别码。","这个资料项目只涉及识别码的一般类别。它 **必须没有（SHALL NOT）** 被用于与Identifier.system 1..1对应的代码。一些识别码可能由于常见的用法而属于多个类别。在系统是已知的情况下，型别是不必要的，因为型别总是系统定义的一部分。然而，系统经常需要处理系统不为人知的识别码。型别和系统之间不是1:1的关系，因为许多不同的系统有相同的型别。","允许使用者在不知道识别码系统的情况下利用识别码","","","","","","","",,"extensible","识别码的型别，用于决定特定目的所适用的识别码；应填入所绑定值集中适合的代码，确定无适合的代码才可以使用其他值集的代码来表示。","https://sm-ig.gihub.io/ValueSet/identifier-type","",,,,"Identifier.type",0,1,"","ele-1:All FHIR elements must have a @value or children {hasValue() or (children().count() > id.count())}
"
"sm-patient","Patient.identifier:residentNumber.type.id","Patient.identifier.type.id","","","",0,1,"","","","string {[]} {[]}
","Unique id for inter-element referencing","Unique id for the element within a resource (for internal references). This may be any string value that does not contain spaces.","","","","","","","","","",,,,,"",,,,"Element.id",0,1,"",""
"sm-patient","Patient.identifier:residentNumber.type.extension","Patient.identifier.type.extension","","extensions
user content","",0,*,"","","","Extension {[]} {[]}
","Additional content defined by implementations","May be used to represent additional information that is not part of the basic definition of the element. To make the use of extensions safe and manageable, there is a strict set of governance  applied to the definition and use of extensions. Though any implementer can define an extension, there is a set of requirements that SHALL be met as part of the definition of the extension.","There can be no stigma associated with the use of extensions by any application, project, or standard - regardless of the institution or jurisdiction that uses or defines the extensions.  The use of extensions is what allows the FHIR specification to retain a core level of simplicity for everyone.","","","","","","","","",,,,,"","value:url}
","Extensions are always sliced by (at least) url",,"open","Element.extension",0,*,"","ele-1:All FHIR elements must have a @value or children {hasValue() or (children().count() > id.count())}
ext-1:Must have either extensions or value[x], not both {extension.exists() != value.exists()}"
"sm-patient","Patient.identifier:residentNumber.type.coding","Patient.identifier.type.coding","","","",1,*,"","","Y","Coding {[]} {[]}
","由专门术语系统（terminology system）定义的代码","由专门术语系统（terminology system）所定义之代码的参照","代码可以在列举清单（enumerations）或代码清单（code lists）中非常随意地定义，直至有非常正式的定义，例如：SNOMED CT—更多信息见HL7 v3核心原则（Core Principles）。编码的排序是未定义的因而 **必须没有（SHALL NOT）** 被用来推断意义。一般来说，最多只有一个编码值（coding values）会被标记为UserSelected = true。","允许代码系统中的替代编码，以及翻译到其他编码系统。","","","","","","","",,,,,"",,,,"CodeableConcept.coding",0,*,"","ele-1:All FHIR elements must have a @value or children {hasValue() or (children().count() > id.count())}
"
"sm-patient","Patient.identifier:residentNumber.type.coding.id","Patient.identifier.type.coding.id","","","",0,1,"","","","string {[]} {[]}
","Unique id for inter-element referencing","Unique id for the element within a resource (for internal references). This may be any string value that does not contain spaces.","","","","","","","","","",,,,,"",,,,"Element.id",0,1,"",""
"sm-patient","Patient.identifier:residentNumber.type.coding.extension","Patient.identifier.type.coding.extension","","extensions
user content","",0,*,"","","","Extension {[]} {[]}
","Additional content defined by implementations","May be used to represent additional information that is not part of the basic definition of the element. To make the use of extensions safe and manageable, there is a strict set of governance  applied to the definition and use of extensions. Though any implementer can define an extension, there is a set of requirements that SHALL be met as part of the definition of the extension.","There can be no stigma associated with the use of extensions by any application, project, or standard - regardless of the institution or jurisdiction that uses or defines the extensions.  The use of extensions is what allows the FHIR specification to retain a core level of simplicity for everyone.","","","","","","","","",,,,,"","value:url}
","Extensions are always sliced by (at least) url",,"open","Element.extension",0,*,"","ele-1:All FHIR elements must have a @value or children {hasValue() or (children().count() > id.count())}
ext-1:Must have either extensions or value[x], not both {extension.exists() != value.exists()}"
"sm-patient","Patient.identifier:residentNumber.type.coding.system","Patient.identifier.type.coding.system","","","",1,1,"Y","","Y","uri {[]} {[]}
","专门术语系统（terminology system）的识别","定义代码中符号意义的代码系统识别","URI可以是一个OID（urn:oid:...）或一个UUID（urn:uuid:...）；OID和UUID **必须（SHALL）** 参照HL7 OID注册中心；否则，URI应该来自HL7的FHIR定义的特殊URI列表，或者它应该参照一些明确建立的系统定义。","需要明确说明符号定义的来源","","","","<valueUri xmlns=""http://hl7.org/fhir"" value=""http://terminology.hl7.org/CodeSystem/v2-0203""/>","","","",,,,,"",,,,"Coding.system",0,1,"","ele-1:All FHIR elements must have a @value or children {hasValue() or (children().count() > id.count())}
"
"sm-patient","Patient.identifier:residentNumber.type.coding.version","Patient.identifier.type.coding.version","","","",0,1,"","","Y","string {[]} {[]}
","系统的版本—如果相关的话","选择此代码时使用的代码系统版本；请注意，一个维护良好的代码系统不需要版本报告，因为代码的意义在不同系统版本中是一致的；然而，不能始终保证这点，当不能保证意义一致时， **必须（SHALL）** 将版本信息也一并作交换。","如果专门术语没有明确定义应该使用什么字串来识别代码系统的版本，建议使用版本正式发布的日期（用FHIR日期格式表示）作为版本日期。","","","","","","","","",,,,,"",,,,"Coding.version",0,1,"","ele-1:All FHIR elements must have a @value or children {hasValue() or (children().count() > id.count())}
"
"sm-patient","Patient.identifier:residentNumber.type.coding.code","Patient.identifier.type.coding.code","","","",1,1,"Y","","Y","code {[]} {[]}
","系统定义的语法之符号","系统定义的语法之符号；符号可能是一个预先定义的代码，也可能是代码系统定义的语法中的表达式（如后组合配对／后组合式）。","","需要参照系统中的一个特定代码","","","","<valueCode xmlns=""http://hl7.org/fhir"" value=""PRC""/>","","","",,,,,"",,,,"Coding.code",0,1,"","ele-1:All FHIR elements must have a @value or children {hasValue() or (children().count() > id.count())}
"
"sm-patient","Patient.identifier:residentNumber.type.coding.display","Patient.identifier.type.coding.display","","","",0,1,"Y","","Y","string {[]} {[]}
","由编码系统定义的描述","遵循系统的规则以呈现代码含义的描述","","需要能为不了解此系统的读者呈现可读的代码含义","","","","","","","",,,,,"",,,,"Coding.display",0,1,"","ele-1:All FHIR elements must have a @value or children {hasValue() or (children().count() > id.count())}
"
"sm-patient","Patient.identifier:residentNumber.type.coding.userSelected","Patient.identifier.type.coding.userSelected","","","",0,1,"","","Y","boolean {[]} {[]}
","此编码是否由使用者直接选择？","表明此编码是由使用者直接选择，例如：从可用项目（代码或显示名称）的清单中选择。","在一系列备选方案中，直接选择的代码是新翻译最合适的起点；关于「直接选择」的确切意义，存在模糊不清之处，可能需要贸易伙伴的同意，以更完整澄清此资料项目的使用及其后果。","已被确定为一个临床安全准则—此确切的系统／代码对(code pair)是被明确选择的，而不是由编码系统根据一些规则或是程序语言处理判断。","","","","","","","",,,,,"",,,,"Coding.userSelected",0,1,"","ele-1:All FHIR elements must have a @value or children {hasValue() or (children().count() > id.count())}
"
"sm-patient","Patient.identifier:residentNumber.type.text","Patient.identifier.type.text","","","",0,1,"Y","","Y","string {[]} {[]}
","概念的文字描述","输入资料的使用者所见／所选／所说的人类可读文字表述，和（或）其代表使用者的预期含义。","很多时候，此文字表述与其中一个代码的显示名称相同。","专门术语中的代码并不总是能捕捉人类使用的细微差别的正确意义，或者根本就没有合适的代码；这些情况下，文字表述被用来捕捉来源的全部意义。","","","","","","","",,,,,"",,,,"CodeableConcept.text",0,1,"","ele-1:All FHIR elements must have a @value or children {hasValue() or (children().count() > id.count())}
"
"sm-patient","Patient.identifier:residentNumber.system","Patient.identifier.system","","","",1,1,"Y","","Y","uri {[]} {[]}
","身份识别码（identifier）的命名空间（namespace）","建立值的命名空间－即一个描述一组值的唯一URL","Identifier.system总是区分大小写","有许多识别码的集合。为了进行两个识别码的对应，我们需要知道我们处理的是哪一组。系统指明了一个特定的唯一识别码集。","","","","<valueUri xmlns=""http://hl7.org/fhir"" value=""ResidentNumber""/>","<valueUri xmlns=""http://hl7.org/fhir"" value=""http://www.acme.com/identifiers/patient""/>","","",,,,,"",,,,"Identifier.system",0,1,"","ele-1:All FHIR elements must have a @value or children {hasValue() or (children().count() > id.count())}
"
"sm-patient","Patient.identifier:residentNumber.value","Patient.identifier.value","","","",1,1,"Y","","Y","string {[]} {[]}
","唯一值。 例如：居住证号码为A912345678","识别码中通常与使用者有关的部分，在编码系统作用域内是唯一的。","如果此值是一个完整的URI，那么此系统 **必须（SHALL）** 是urn:ietf:rfc:3986。此值的主要目的是为了可运算的对应。因此，为了比较的目的，它可能会被正规化（例如：去除不重要的空白、破折号等）。一个为人显示的格式化的值可以使用[Rendered Value](http://hl7.org/fhir/R4/extension-rendered-value.html)扩充来传达。除非对Identifier.system的了解使处理者确信不区分大小写的处理是安全的，否则Identifier.value应被视为区分大小写。","","","","","","<valueString xmlns=""http://hl7.org/fhir"" value=""123456""/>","","",,,,,"",,,,"Identifier.value",0,1,"","ele-1:All FHIR elements must have a @value or children {hasValue() or (children().count() > id.count())}
"
"sm-patient","Patient.identifier:residentNumber.period","Patient.identifier.period","","","",0,1,"","","Y","Period {[]} {[]}
","此身份识别码（identifier）的使用效期","识别码有效／曾经有效使用的时段或期间","","","","","","","","","",,,,,"",,,,"Identifier.period",0,1,"","ele-1:All FHIR elements must have a @value or children {hasValue() or (children().count() > id.count())}
"
"sm-patient","Patient.identifier:residentNumber.assigner","Patient.identifier.assigner","","","",0,1,"","","Y","Reference {[]} {[CanonicalType[http://hl7.org/fhir/StructureDefinition/Organization]]}
","签发identifier的机构（可以只是文字表述）","签发／管理识别码的机构","Identifier.assigner可以省略.reference资料项目，只包含一个.display资料项目，反映指定机构的名称或其他文字表述信息。","","","","","","","","",,,,,"",,,,"Identifier.assigner",0,1,"","ele-1:All FHIR elements must have a @value or children {hasValue() or (children().count() > id.count())}
"
"sm-patient","Patient.identifier:medicalRecord","Patient.identifier","medicalRecord","","",0,1,"Y","","Y","Identifier {[]} {[]}
","适用病历号","适用于病历号","","Patients are almost always assigned specific numerical identifiers.","","","","","","","",,,,,"",,,,"Patient.identifier",0,*,"","ele-1:All FHIR elements must have a @value or children {hasValue() or (children().count() > id.count())}
"
"sm-patient","Patient.identifier:medicalRecord.id","Patient.identifier.id","","","",0,1,"","","","string {[]} {[]}
","Unique id for inter-element referencing","Unique id for the element within a resource (for internal references). This may be any string value that does not contain spaces.","","","","","","","","","",,,,,"",,,,"Element.id",0,1,"",""
"sm-patient","Patient.identifier:medicalRecord.extension","Patient.identifier.extension","","extensions
user content","",0,*,"","","","Extension {[]} {[]}
","Additional content defined by implementations","May be used to represent additional information that is not part of the basic definition of the element. To make the use of extensions safe and manageable, there is a strict set of governance  applied to the definition and use of extensions. Though any implementer can define an extension, there is a set of requirements that SHALL be met as part of the definition of the extension.","There can be no stigma associated with the use of extensions by any application, project, or standard - regardless of the institution or jurisdiction that uses or defines the extensions.  The use of extensions is what allows the FHIR specification to retain a core level of simplicity for everyone.","","","","","","","","",,,,,"","value:url}
","Extensions are always sliced by (at least) url",,"open","Element.extension",0,*,"","ele-1:All FHIR elements must have a @value or children {hasValue() or (children().count() > id.count())}
ext-1:Must have either extensions or value[x], not both {extension.exists() != value.exists()}"
"sm-patient","Patient.identifier:medicalRecord.use","Patient.identifier.use","","","",0,1,"Y","Y","Y","code {[]} {[]}
","usual ｜ official ｜ temp ｜ secondary ｜ old （如果知道）","这个唯一识别码（identifier）的用途","应用程序可以假定一个识别码是永久的，除非它明确说它是暂时的。","允许从一组识别码中为特定的使用场景选择适当的识别码","","","","<valueCode xmlns=""http://hl7.org/fhir"" value=""official""/>","","","",,"required","如果知道，请说明此识别码的目的；应填入所绑定值集中的其中一个代码。","http://hl7.org/fhir/ValueSet/identifier-use|4.0.1","",,,,"Identifier.use",0,1,"","ele-1:All FHIR elements must have a @value or children {hasValue() or (children().count() > id.count())}
"
"sm-patient","Patient.identifier:medicalRecord.type","Patient.identifier.type","","","",1,1,"Y","","Y","CodeableConcept {[]} {[]}
","身份识别码（identifier）的型别说明","识别码的代码型别，用于决定特定目适用的识别码。","这个资料项目只涉及识别码的一般类别。它 **必须没有（SHALL NOT）** 被用于与Identifier.system 1..1对应的代码。一些识别码可能由于常见的用法而属于多个类别。在系统是已知的情况下，型别是不必要的，因为型别总是系统定义的一部分。然而，系统经常需要处理系统不为人知的识别码。型别和系统之间不是1:1的关系，因为许多不同的系统有相同的型别。","允许使用者在不知道识别码系统的情况下利用识别码","","","","","","","",,"extensible","识别码的型别，用于决定特定目的所适用的识别码；应填入所绑定值集中适合的代码，确定无适合的代码才可以使用其他值集的代码来表示。","https://sm-ig.gihub.io/ValueSet/identifier-type","",,,,"Identifier.type",0,1,"","ele-1:All FHIR elements must have a @value or children {hasValue() or (children().count() > id.count())}
"
"sm-patient","Patient.identifier:medicalRecord.type.id","Patient.identifier.type.id","","","",0,1,"","","","string {[]} {[]}
","Unique id for inter-element referencing","Unique id for the element within a resource (for internal references). This may be any string value that does not contain spaces.","","","","","","","","","",,,,,"",,,,"Element.id",0,1,"",""
"sm-patient","Patient.identifier:medicalRecord.type.extension","Patient.identifier.type.extension","","extensions
user content","",0,*,"","","","Extension {[]} {[]}
","Additional content defined by implementations","May be used to represent additional information that is not part of the basic definition of the element. To make the use of extensions safe and manageable, there is a strict set of governance  applied to the definition and use of extensions. Though any implementer can define an extension, there is a set of requirements that SHALL be met as part of the definition of the extension.","There can be no stigma associated with the use of extensions by any application, project, or standard - regardless of the institution or jurisdiction that uses or defines the extensions.  The use of extensions is what allows the FHIR specification to retain a core level of simplicity for everyone.","","","","","","","","",,,,,"","value:url}
","Extensions are always sliced by (at least) url",,"open","Element.extension",0,*,"","ele-1:All FHIR elements must have a @value or children {hasValue() or (children().count() > id.count())}
ext-1:Must have either extensions or value[x], not both {extension.exists() != value.exists()}"
"sm-patient","Patient.identifier:medicalRecord.type.coding","Patient.identifier.type.coding","","","",1,*,"","","Y","Coding {[]} {[]}
","由专门术语系统（terminology system）定义的代码","由专门术语系统（terminology system）所定义之代码的参照","代码可以在列举清单（enumerations）或代码清单（code lists）中非常随意地定义，直至有非常正式的定义，例如：SNOMED CT—更多信息见HL7 v3核心原则（Core Principles）。编码的排序是未定义的因而 **必须没有（SHALL NOT）** 被用来推断意义。一般来说，最多只有一个编码值（coding values）会被标记为UserSelected = true。","允许代码系统中的替代编码，以及翻译到其他编码系统。","","","","","","","",,,,,"",,,,"CodeableConcept.coding",0,*,"","ele-1:All FHIR elements must have a @value or children {hasValue() or (children().count() > id.count())}
"
"sm-patient","Patient.identifier:medicalRecord.type.coding.id","Patient.identifier.type.coding.id","","","",0,1,"","","","string {[]} {[]}
","Unique id for inter-element referencing","Unique id for the element within a resource (for internal references). This may be any string value that does not contain spaces.","","","","","","","","","",,,,,"",,,,"Element.id",0,1,"",""
"sm-patient","Patient.identifier:medicalRecord.type.coding.extension","Patient.identifier.type.coding.extension","","extensions
user content","",0,*,"","","","Extension {[]} {[]}
","Additional content defined by implementations","May be used to represent additional information that is not part of the basic definition of the element. To make the use of extensions safe and manageable, there is a strict set of governance  applied to the definition and use of extensions. Though any implementer can define an extension, there is a set of requirements that SHALL be met as part of the definition of the extension.","There can be no stigma associated with the use of extensions by any application, project, or standard - regardless of the institution or jurisdiction that uses or defines the extensions.  The use of extensions is what allows the FHIR specification to retain a core level of simplicity for everyone.","","","","","","","","",,,,,"","value:url}
","Extensions are always sliced by (at least) url",,"open","Element.extension",0,*,"","ele-1:All FHIR elements must have a @value or children {hasValue() or (children().count() > id.count())}
ext-1:Must have either extensions or value[x], not both {extension.exists() != value.exists()}"
"sm-patient","Patient.identifier:medicalRecord.type.coding.system","Patient.identifier.type.coding.system","","","",1,1,"Y","","Y","uri {[]} {[]}
","专门术语系统（terminology system）的识别","定义代码中符号意义的代码系统识别","URI可以是一个OID（urn:oid:...）或一个UUID（urn:uuid:...）；OID和UUID **必须（SHALL）** 参照HL7 OID注册中心；否则，URI应该来自HL7的FHIR定义的特殊URI列表，或者它应该参照一些明确建立的系统定义。","需要明确说明符号定义的来源","","","","<valueUri xmlns=""http://hl7.org/fhir"" value=""http://terminology.hl7.org/CodeSystem/v2-0203""/>","","","",,,,,"",,,,"Coding.system",0,1,"","ele-1:All FHIR elements must have a @value or children {hasValue() or (children().count() > id.count())}
"
"sm-patient","Patient.identifier:medicalRecord.type.coding.version","Patient.identifier.type.coding.version","","","",0,1,"","","Y","string {[]} {[]}
","系统的版本—如果相关的话","选择此代码时使用的代码系统版本；请注意，一个维护良好的代码系统不需要版本报告，因为代码的意义在不同系统版本中是一致的；然而，不能始终保证这点，当不能保证意义一致时， **必须（SHALL）** 将版本信息也一并作交换。","如果专门术语没有明确定义应该使用什么字串来识别代码系统的版本，建议使用版本正式发布的日期（用FHIR日期格式表示）作为版本日期。","","","","","","","","",,,,,"",,,,"Coding.version",0,1,"","ele-1:All FHIR elements must have a @value or children {hasValue() or (children().count() > id.count())}
"
"sm-patient","Patient.identifier:medicalRecord.type.coding.code","Patient.identifier.type.coding.code","","","",1,1,"Y","","Y","code {[]} {[]}
","系统定义的语法之符号","系统定义的语法之符号；符号可能是一个预先定义的代码，也可能是代码系统定义的语法中的表达式（如后组合配对／后组合式）。","","需要参照系统中的一个特定代码","","","","<valueCode xmlns=""http://hl7.org/fhir"" value=""MR""/>","","","",,,,,"",,,,"Coding.code",0,1,"","ele-1:All FHIR elements must have a @value or children {hasValue() or (children().count() > id.count())}
"
"sm-patient","Patient.identifier:medicalRecord.type.coding.display","Patient.identifier.type.coding.display","","","",0,1,"Y","","Y","string {[]} {[]}
","由编码系统定义的描述","遵循系统的规则以呈现代码含义的描述","","需要能为不了解此系统的读者呈现可读的代码含义","","","","","","","",,,,,"",,,,"Coding.display",0,1,"","ele-1:All FHIR elements must have a @value or children {hasValue() or (children().count() > id.count())}
"
"sm-patient","Patient.identifier:medicalRecord.type.coding.userSelected","Patient.identifier.type.coding.userSelected","","","",0,1,"","","Y","boolean {[]} {[]}
","此编码是否由使用者直接选择？","表明此编码是由使用者直接选择，例如：从可用项目（代码或显示名称）的清单中选择。","在一系列备选方案中，直接选择的代码是新翻译最合适的起点；关于「直接选择」的确切意义，存在模糊不清之处，可能需要贸易伙伴的同意，以更完整澄清此资料项目的使用及其后果。","已被确定为一个临床安全准则—此确切的系统／代码对(code pair)是被明确选择的，而不是由编码系统根据一些规则或是程序语言处理判断。","","","","","","","",,,,,"",,,,"Coding.userSelected",0,1,"","ele-1:All FHIR elements must have a @value or children {hasValue() or (children().count() > id.count())}
"
"sm-patient","Patient.identifier:medicalRecord.type.text","Patient.identifier.type.text","","","",0,1,"Y","","Y","string {[]} {[]}
","概念的文字描述","输入资料的使用者所见／所选／所说的人类可读文字表述，和（或）其代表使用者的预期含义。","很多时候，此文字表述与其中一个代码的显示名称相同。","专门术语中的代码并不总是能捕捉人类使用的细微差别的正确意义，或者根本就没有合适的代码；这些情况下，文字表述被用来捕捉来源的全部意义。","","","","","","","",,,,,"",,,,"CodeableConcept.text",0,1,"","ele-1:All FHIR elements must have a @value or children {hasValue() or (children().count() > id.count())}
"
"sm-patient","Patient.identifier:medicalRecord.system","Patient.identifier.system","","","",1,1,"Y","","Y","uri {[]} {[]}
","身份识别码（identifier）的命名空间（namespace），可至[twTerminology](https://twcore.mohw.gov.tw/ts/namingsystem.jsp?status=active&amp;type=0)申请或查询命名系统。","建立值的命名空间－即一个描述一组值的唯一URL","Identifier.system总是区分大小写","有许多识别码的集合。为了进行两个识别码的对应，我们需要知道我们处理的是哪一组。系统指明了一个特定的唯一识别码集。","","","","","<valueUri xmlns=""http://hl7.org/fhir"" value=""http://www.acme.com/identifiers/patient""/>","","",,,,,"",,,,"Identifier.system",0,1,"","ele-1:All FHIR elements must have a @value or children {hasValue() or (children().count() > id.count())}
"
"sm-patient","Patient.identifier:medicalRecord.value","Patient.identifier.value","","","",1,1,"Y","","Y","string {[]} {[]}
","唯一值。
例如：病历号为8862168","识别码中通常与使用者有关的部分，在编码系统作用域内是唯一的。","如果此值是一个完整的URI，那么此系统 **必须（SHALL）** 是urn:ietf:rfc:3986。此值的主要目的是为了可运算的对应。因此，为了比较的目的，它可能会被正规化（例如：去除不重要的空白、破折号等）。一个为人显示的格式化的值可以使用[Rendered Value](http://hl7.org/fhir/R4/extension-rendered-value.html)扩充来传达。除非对Identifier.system的了解使处理者确信不区分大小写的处理是安全的，否则Identifier.value应被视为区分大小写。","","","","","","<valueString xmlns=""http://hl7.org/fhir"" value=""123456""/>","","",,,,,"",,,,"Identifier.value",0,1,"","ele-1:All FHIR elements must have a @value or children {hasValue() or (children().count() > id.count())}
"
"sm-patient","Patient.identifier:medicalRecord.period","Patient.identifier.period","","","",0,1,"","","Y","Period {[]} {[]}
","此身份识别码（identifier）的使用效期","识别码有效／曾经有效使用的时段或期间","","","","","","","","","",,,,,"",,,,"Identifier.period",0,1,"","ele-1:All FHIR elements must have a @value or children {hasValue() or (children().count() > id.count())}
"
"sm-patient","Patient.identifier:medicalRecord.assigner","Patient.identifier.assigner","","","",0,1,"","","Y","Reference {[]} {[CanonicalType[http://hl7.org/fhir/StructureDefinition/Organization]]}
","签发identifier的机构（可以只是文字表述）","签发／管理识别码的机构","Identifier.assigner可以省略.reference资料项目，只包含一个.display资料项目，反映指定机构的名称或其他文字表述信息。","","","","","","","","",,,,,"",,,,"Identifier.assigner",0,1,"","ele-1:All FHIR elements must have a @value or children {hasValue() or (children().count() > id.count())}
"
"sm-patient","Patient.active","Patient.active","","","",0,1,"Y","Y","Y","boolean {[]} {[]}
","病人的纪录是否「使用中（true）」","这位病人的纪录是否在使用中（active）。许多系统使用这个属性来标记为非现有（non-current）病人，例如那些根据机构的业务规则在一段时间内没有被看到的病人。

它经常被用来过滤病人清单以排除inactive的病人

已过世的病人也可能因为同样的原因被标记为inactive，但在过世后的一段时间内可能是active。","如果一笔病人纪录没有在使用，但与另一笔使用中的病人纪录相连结，那么未来的病人／纪录更新应该发生在另一笔病人纪录。","若纪录因为错误而创建，需要能够将这位病人纪录标记为不使用","","This resource is generally assumed to be active if no value is provided for the active element","","","","","",,,,,"",,,,"Patient.active",0,1,"","ele-1:All FHIR elements must have a @value or children {hasValue() or (children().count() > id.count())}
"
"sm-patient","Patient.name","Patient.name","","","",1,*,"Y","","Y","HumanName {[]} {[]}
","病人的姓名","个人名字","一位病人可能有多个姓名，有不同的用途或适用期。对于动物来说，这个姓名是一个「HumanName」，它是人类指定和使用的，具有相同的模式。","需要能够追踪病人的多个姓名。例如：正式姓名及配偶姓名。 **必须（SHALL）** 总是提供姓名的完整拼法。","","","","","","","",,,,,"",,,,"Patient.name",0,*,"","ele-1:All FHIR elements must have a @value or children {hasValue() or (children().count() > id.count())}
"
"sm-patient","Patient.name.id","Patient.name.id","","","",0,1,"","","","string {[]} {[]}
","Unique id for inter-element referencing","Unique id for the element within a resource (for internal references). This may be any string value that does not contain spaces.","","","","","","","","","",,,,,"",,,,"Element.id",0,1,"",""
"sm-patient","Patient.name.extension","Patient.name.extension","","extensions
user content","",0,*,"","","","Extension {[]} {[]}
","Additional content defined by implementations","May be used to represent additional information that is not part of the basic definition of the element. To make the use of extensions safe and manageable, there is a strict set of governance  applied to the definition and use of extensions. Though any implementer can define an extension, there is a set of requirements that SHALL be met as part of the definition of the extension.","There can be no stigma associated with the use of extensions by any application, project, or standard - regardless of the institution or jurisdiction that uses or defines the extensions.  The use of extensions is what allows the FHIR specification to retain a core level of simplicity for everyone.","","","","","","","","",,,,,"","value:url}
","Extensions are always sliced by (at least) url",,"open","Element.extension",0,*,"","ele-1:All FHIR elements must have a @value or children {hasValue() or (children().count() > id.count())}
ext-1:Must have either extensions or value[x], not both {extension.exists() != value.exists()}"
"sm-patient","Patient.name.use","Patient.name.use","","","",0,1,"","Y","Y","code {[]} {[]}
","usual | official | temp | nickname | anonymous | old | maiden","Identifies the purpose for this name.","Applications can assume that a name is current unless it explicitly says that it is temporary or old.","Allows the appropriate name for a particular context of use to be selected from among a set of names.","","","","","","","",,"required","The use of a human name.","http://hl7.org/fhir/ValueSet/name-use|4.0.1","",,,,"HumanName.use",0,1,"","ele-1:All FHIR elements must have a @value or children {hasValue() or (children().count() > id.count())}
"
"sm-patient","Patient.name.text","Patient.name.text","","","",0,1,"Y","","Y","string {[]} {[]}
","English full name, Patient’s full name in English","Specifies the entire name as it should be displayed e.g. on an application UI. This may be provided instead of or as well as the specific parts.","Can provide both a text representation and parts. Applications updating a name SHALL ensure that when both text and parts are present,  no content is included in the text that isn't found in a part.","A renderable, unencoded form.","","","","","","","",100,,,,"",,,,"HumanName.text",0,1,"","ele-1:All FHIR elements must have a @value or children {hasValue() or (children().count() > id.count())}
"
"sm-patient","Patient.name.family","Patient.name.family","","surname
","",0,1,"Y","","Y","string {[]} {[]}
","English surname, Patient's surname in English","The part of a name that links to the genealogy. In some cultures (e.g. Eritrea) the family name of a son is the first name of his father.","Family Name may be decomposed into specific parts using extensions (de, nl, es related cultures).","","","","","","","","",40,,,,"",,,,"HumanName.family",0,1,"","ele-1:All FHIR elements must have a @value or children {hasValue() or (children().count() > id.count())}
"
"sm-patient","Patient.name.given","Patient.name.given","","first name
middle name","",0,*,"Y","","Y","string {[]} {[]}
","English given name, Patient's given name in English","Given name.","If only initials are recorded, they may be used in place of the full name parts. Initials may be separated into multiple given names but often aren't due to paractical limitations.  This element is not called ""first name"" since given names do not always come first.","","","","","","","","",40,,,,"",,,,"HumanName.given",0,*,"","ele-1:All FHIR elements must have a @value or children {hasValue() or (children().count() > id.count())}
"
"sm-patient","Patient.name.prefix","Patient.name.prefix","","","",0,*,"","","Y","string {[]} {[]}
","Parts that come before the name","Part of the name that is acquired as a title due to academic, legal, employment or nobility status, etc. and that appears at the start of the name.","","","","","","","","","",,,,,"",,,,"HumanName.prefix",0,*,"","ele-1:All FHIR elements must have a @value or children {hasValue() or (children().count() > id.count())}
"
"sm-patient","Patient.name.suffix","Patient.name.suffix","","","",0,*,"","","Y","string {[]} {[]}
","Parts that come after the name","Part of the name that is acquired as a title due to academic, legal, employment or nobility status, etc. and that appears at the end of the name.","","","","","","","","","",,,,,"",,,,"HumanName.suffix",0,*,"","ele-1:All FHIR elements must have a @value or children {hasValue() or (children().count() > id.count())}
"
"sm-patient","Patient.name.period","Patient.name.period","","","",0,1,"","","Y","Period {[]} {[]}
","Time period when name was/is in use","Indicates the period of time when this name was valid for the named person.","","Allows names to be placed in historical context.","","","","","","","",,,,,"",,,,"HumanName.period",0,1,"","ele-1:All FHIR elements must have a @value or children {hasValue() or (children().count() > id.count())}
"
"sm-patient","Patient.telecom","Patient.telecom","","","",0,*,"Y","","Y","ContactPoint {[]} {[]}
","A contact detail for the individual","A contact detail (e.g. a telephone number or an email address) by which the individual may be contacted.","A Patient may have multiple ways to be contacted with different uses or applicable periods.  May need to have options for contacting the person urgently and also to help with identification. The address might not go directly to the individual, but may reach another party that is able to proxy for the patient (i.e. home phone, or pet owner's phone).","People have (primary) ways to contact them in some way such as phone, email.","","","","","","","",,,,,"",,,,"Patient.telecom",0,*,"","ele-1:All FHIR elements must have a @value or children {hasValue() or (children().count() > id.count())}
"
"sm-patient","Patient.gender","Patient.gender","","","",1,1,"Y","","Y","code {[]} {[]}
","Sex","Administrative Gender - the gender that the patient is considered to have for administration and record keeping purposes.","The gender might not match the biological sex as determined by genetics or the individual's preferred identification. Note that for both humans and particularly animals, there are other legitimate possibilities than male and female, though the vast majority of systems and contexts only support male and female.  Systems providing decision support or enforcing business rules should ideally do this on the basis of Observations dealing with the specific sex or gender aspect of interest (anatomical, chromosomal, social, etc.)  However, because these observations are infrequently recorded, defaulting to the administrative gender is common practice.  Where such defaulting occurs, rule enforcement should allow for the variation between administrative and biological, chromosomal and other gender aspects.  For example, an alert about a hysterectomy on a male should be handled as a warning or overridable error, not a ""hard"" error.  See the Patient Gender and Sex section for additional information about communicating patient gender and sex.","Needed for identification of the individual, in combination with (at least) name and birth date.","","","","","","","",,"required","The gender of a person used for administrative purposes.","http://hl7.org/fhir/ValueSet/administrative-gender|4.0.1","",,,,"Patient.gender",0,1,"","ele-1:All FHIR elements must have a @value or children {hasValue() or (children().count() > id.count())}
"
"sm-patient","Patient.birthDate","Patient.birthDate","","","",1,1,"Y","","Y","date {[]} {[]}
","Date of Birth, The patient's date of birth","The date of birth for the individual.","At least an estimated year should be provided as a guess if the real DOB is unknown  There is a standard extension ""patient-birthTime"" available that should be used where Time is required (such as in maternity/infant care systems).","Age of the individual drives many clinical processes.","","","","","","","",10,,,,"",,,,"Patient.birthDate",0,1,"","ele-1:All FHIR elements must have a @value or children {hasValue() or (children().count() > id.count())}
"
"sm-patient","Patient.deceased[x]","Patient.deceased[x]","","","",0,1,"","Y","Y","boolean {[]} {[]}
dateTime {[]} {[]}","Indicates if the individual is deceased or not","Indicates if the individual is deceased or not.","If there's no value in the instance, it means there is no statement on whether or not the individual is deceased. Most systems will interpret the absence of a value as a sign of the person being alive.","The fact that a patient is deceased influences the clinical process. Also, in human communication and relation management it is necessary to know whether the person is alive.","","","","","","","",,,,,"",,,,"Patient.deceased[x]",0,1,"","ele-1:All FHIR elements must have a @value or children {hasValue() or (children().count() > id.count())}
"
"sm-patient","Patient.address","Patient.address","","","",0,*,"","","Y","Address {[]} {[]}
","An address for the individual","An address for the individual.","Patient may have multiple addresses with different uses or applicable periods.","May need to keep track of patient addresses for contacting, billing or reporting requirements and also to help with identification.","","","","","","","",,,,,"",,,,"Patient.address",0,*,"","ele-1:All FHIR elements must have a @value or children {hasValue() or (children().count() > id.count())}
"
"sm-patient","Patient.maritalStatus","Patient.maritalStatus","","","",0,1,"","","","CodeableConcept {[]} {[]}
","Marital (civil) status of a patient","This field contains a patient's most recent marital (civil) status.","","Most, if not all systems capture it.","","","","","","","",,"extensible","The domestic partnership status of a person.","http://hl7.org/fhir/ValueSet/marital-status","",,,,"Patient.maritalStatus",0,1,"","ele-1:All FHIR elements must have a @value or children {hasValue() or (children().count() > id.count())}
"
"sm-patient","Patient.multipleBirth[x]","Patient.multipleBirth[x]","","","",0,1,"","","","boolean {[]} {[]}
integer {[]} {[]}","Whether patient is part of a multiple birth","Indicates whether the patient is part of a multiple (boolean) or indicates the actual birth order (integer).","Where the valueInteger is provided, the number is the birth number in the sequence. E.g. The middle birth in triplets would be valueInteger=2 and the third born would have valueInteger=3 If a boolean value was provided for this triplets example, then all 3 patient records would have valueBoolean=true (the ordering is not indicated).","For disambiguation of multiple-birth children, especially relevant where the care provider doesn't meet the patient, such as labs.","","","","","","","",,,,,"",,,,"Patient.multipleBirth[x]",0,1,"","ele-1:All FHIR elements must have a @value or children {hasValue() or (children().count() > id.count())}
"
"sm-patient","Patient.photo","Patient.photo","","","",0,*,"","","","Attachment {[]} {[]}
","Image of the patient","Image of the patient.","Guidelines:
* Use id photos, not clinical photos.
* Limit dimensions to thumbnail.
* Keep byte count low to ease resource updates.","Many EHR systems have the capability to capture an image of the patient. Fits with newer social media usage too.","","","","","","","",,,,,"",,,,"Patient.photo",0,*,"","ele-1:All FHIR elements must have a @value or children {hasValue() or (children().count() > id.count())}
"
"sm-patient","Patient.contact","Patient.contact","","","",0,*,"","","","BackboneElement {[]} {[]}
","A contact party (e.g. guardian, partner, friend) for the patient","A contact party (e.g. guardian, partner, friend) for the patient.","Contact covers all kinds of contact parties: family members, business contacts, guardians, caregivers. Not applicable to register pedigree and family ties beyond use of having contact.","Need to track people you can contact about the patient.","","","","","","","",,,,,"",,,,"Patient.contact",0,*,"","ele-1:All FHIR elements must have a @value or children {hasValue() or (children().count() > id.count())}
pat-1:SHALL at least contain a contact's details or a reference to an organization {name.exists() or telecom.exists() or address.exists() or organization.exists()}"
"sm-patient","Patient.contact.id","Patient.contact.id","","","",0,1,"","","","string {[]} {[]}
","Unique id for inter-element referencing","Unique id for the element within a resource (for internal references). This may be any string value that does not contain spaces.","","","","","","","","","",,,,,"",,,,"Element.id",0,1,"",""
"sm-patient","Patient.contact.extension","Patient.contact.extension","","extensions
user content","",0,*,"","","","Extension {[]} {[]}
","Additional content defined by implementations","May be used to represent additional information that is not part of the basic definition of the element. To make the use of extensions safe and manageable, there is a strict set of governance  applied to the definition and use of extensions. Though any implementer can define an extension, there is a set of requirements that SHALL be met as part of the definition of the extension.","There can be no stigma associated with the use of extensions by any application, project, or standard - regardless of the institution or jurisdiction that uses or defines the extensions.  The use of extensions is what allows the FHIR specification to retain a core level of simplicity for everyone.","","","","","","","","",,,,,"",,,,"Element.extension",0,*,"","ele-1:All FHIR elements must have a @value or children {hasValue() or (children().count() > id.count())}
ext-1:Must have either extensions or value[x], not both {extension.exists() != value.exists()}"
"sm-patient","Patient.contact.modifierExtension","Patient.contact.modifierExtension","","extensions
user contentmodifiers","",0,*,"","Y","Y","Extension {[]} {[]}
","Extensions that cannot be ignored even if unrecognized","May be used to represent additional information that is not part of the basic definition of the element and that modifies the understanding of the element in which it is contained and/or the understanding of the containing element's descendants. Usually modifier elements provide negation or qualification. To make the use of extensions safe and manageable, there is a strict set of governance applied to the definition and use of extensions. Though any implementer can define an extension, there is a set of requirements that SHALL be met as part of the definition of the extension. Applications processing a resource are required to check for modifier extensions.

Modifier extensions SHALL NOT change the meaning of any elements on Resource or DomainResource (including cannot change the meaning of modifierExtension itself).","There can be no stigma associated with the use of extensions by any application, project, or standard - regardless of the institution or jurisdiction that uses or defines the extensions.  The use of extensions is what allows the FHIR specification to retain a core level of simplicity for everyone.","Modifier extensions allow for extensions that *cannot* be safely ignored to be clearly distinguished from the vast majority of extensions which can be safely ignored.  This promotes interoperability by eliminating the need for implementers to prohibit the presence of extensions. For further information, see the [definition of modifier extensions](http://hl7.org/fhir/R4/extensibility.html#modifierExtension).","","","","","","","",,,,,"",,,,"BackboneElement.modifierExtension",0,*,"","ele-1:All FHIR elements must have a @value or children {hasValue() or (children().count() > id.count())}
ext-1:Must have either extensions or value[x], not both {extension.exists() != value.exists()}"
"sm-patient","Patient.contact.relationship","Patient.contact.relationship","","","",0,*,"","","","CodeableConcept {[]} {[]}
","The kind of relationship","The nature of the relationship between the patient and the contact person.","","Used to determine which contact person is the most relevant to approach, depending on circumstances.","","","","","","","",,"extensible","The nature of the relationship between a patient and a contact person for that patient.","http://hl7.org/fhir/ValueSet/patient-contactrelationship","",,,,"Patient.contact.relationship",0,*,"","ele-1:All FHIR elements must have a @value or children {hasValue() or (children().count() > id.count())}
"
"sm-patient","Patient.contact.name","Patient.contact.name","","","",0,1,"","","","HumanName {[]} {[]}
","A name associated with the contact person","A name associated with the contact person.","","Contact persons need to be identified by name, but it is uncommon to need details about multiple other names for that contact person.","","","","","","","",,,,,"",,,,"Patient.contact.name",0,1,"","ele-1:All FHIR elements must have a @value or children {hasValue() or (children().count() > id.count())}
"
"sm-patient","Patient.contact.telecom","Patient.contact.telecom","","","",0,*,"","","","ContactPoint {[]} {[]}
","A contact detail for the person","A contact detail for the person, e.g. a telephone number or an email address.","Contact may have multiple ways to be contacted with different uses or applicable periods.  May need to have options for contacting the person urgently, and also to help with identification.","People have (primary) ways to contact them in some way such as phone, email.","","","","","","","",,,,,"",,,,"Patient.contact.telecom",0,*,"","ele-1:All FHIR elements must have a @value or children {hasValue() or (children().count() > id.count())}
"
"sm-patient","Patient.contact.address","Patient.contact.address","","","",0,1,"","","","Address {[]} {[]}
","Address for the contact person","Address for the contact person.","","Need to keep track where the contact person can be contacted per postal mail or visited.","","","","","","","",,,,,"",,,,"Patient.contact.address",0,1,"","ele-1:All FHIR elements must have a @value or children {hasValue() or (children().count() > id.count())}
"
"sm-patient","Patient.contact.gender","Patient.contact.gender","","","",0,1,"","","","code {[]} {[]}
","male | female | other | unknown","Administrative Gender - the gender that the contact person is considered to have for administration and record keeping purposes.","","Needed to address the person correctly.","","","","","","","",,"required","The gender of a person used for administrative purposes.","http://hl7.org/fhir/ValueSet/administrative-gender|4.0.1","",,,,"Patient.contact.gender",0,1,"","ele-1:All FHIR elements must have a @value or children {hasValue() or (children().count() > id.count())}
"
"sm-patient","Patient.contact.organization","Patient.contact.organization","","","",0,1,"","","","Reference {[]} {[CanonicalType[http://hl7.org/fhir/StructureDefinition/Organization]]}
","Organization that is associated with the contact","Organization on behalf of which the contact is acting or for which the contact is working.","","For guardians or business related contacts, the organization is relevant.","","","","","","","",,,,,"",,,,"Patient.contact.organization",0,1,"pat-1
","ele-1:All FHIR elements must have a @value or children {hasValue() or (children().count() > id.count())}
"
"sm-patient","Patient.contact.period","Patient.contact.period","","","",0,1,"","","","Period {[]} {[]}
","The period during which this contact person or organization is valid to be contacted relating to this patient","The period during which this contact person or organization is valid to be contacted relating to this patient.","","","","","","","","","",,,,,"",,,,"Patient.contact.period",0,1,"","ele-1:All FHIR elements must have a @value or children {hasValue() or (children().count() > id.count())}
"
"sm-patient","Patient.communication","Patient.communication","","","",0,*,"","","","BackboneElement {[]} {[]}
","A language which may be used to communicate with the patient about his or her health","A language which may be used to communicate with the patient about his or her health.","If no language is specified, this *implies* that the default local language is spoken.  If you need to convey proficiency for multiple modes, then you need multiple Patient.Communication associations.   For animals, language is not a relevant field, and should be absent from the instance. If the Patient does not speak the default local language, then the Interpreter Required Standard can be used to explicitly declare that an interpreter is required.","If a patient does not speak the local language, interpreters may be required, so languages spoken and proficiency are important things to keep track of both for patient and other persons of interest.","","","","","","","",,,,,"",,,,"Patient.communication",0,*,"","ele-1:All FHIR elements must have a @value or children {hasValue() or (children().count() > id.count())}
"
"sm-patient","Patient.communication.id","Patient.communication.id","","","",0,1,"","","","string {[]} {[]}
","Unique id for inter-element referencing","Unique id for the element within a resource (for internal references). This may be any string value that does not contain spaces.","","","","","","","","","",,,,,"",,,,"Element.id",0,1,"",""
"sm-patient","Patient.communication.extension","Patient.communication.extension","","extensions
user content","",0,*,"","","","Extension {[]} {[]}
","Additional content defined by implementations","May be used to represent additional information that is not part of the basic definition of the element. To make the use of extensions safe and manageable, there is a strict set of governance  applied to the definition and use of extensions. Though any implementer can define an extension, there is a set of requirements that SHALL be met as part of the definition of the extension.","There can be no stigma associated with the use of extensions by any application, project, or standard - regardless of the institution or jurisdiction that uses or defines the extensions.  The use of extensions is what allows the FHIR specification to retain a core level of simplicity for everyone.","","","","","","","","",,,,,"",,,,"Element.extension",0,*,"","ele-1:All FHIR elements must have a @value or children {hasValue() or (children().count() > id.count())}
ext-1:Must have either extensions or value[x], not both {extension.exists() != value.exists()}"
"sm-patient","Patient.communication.modifierExtension","Patient.communication.modifierExtension","","extensions
user contentmodifiers","",0,*,"","Y","Y","Extension {[]} {[]}
","Extensions that cannot be ignored even if unrecognized","May be used to represent additional information that is not part of the basic definition of the element and that modifies the understanding of the element in which it is contained and/or the understanding of the containing element's descendants. Usually modifier elements provide negation or qualification. To make the use of extensions safe and manageable, there is a strict set of governance applied to the definition and use of extensions. Though any implementer can define an extension, there is a set of requirements that SHALL be met as part of the definition of the extension. Applications processing a resource are required to check for modifier extensions.

Modifier extensions SHALL NOT change the meaning of any elements on Resource or DomainResource (including cannot change the meaning of modifierExtension itself).","There can be no stigma associated with the use of extensions by any application, project, or standard - regardless of the institution or jurisdiction that uses or defines the extensions.  The use of extensions is what allows the FHIR specification to retain a core level of simplicity for everyone.","Modifier extensions allow for extensions that *cannot* be safely ignored to be clearly distinguished from the vast majority of extensions which can be safely ignored.  This promotes interoperability by eliminating the need for implementers to prohibit the presence of extensions. For further information, see the [definition of modifier extensions](http://hl7.org/fhir/R4/extensibility.html#modifierExtension).","","","","","","","",,,,,"",,,,"BackboneElement.modifierExtension",0,*,"","ele-1:All FHIR elements must have a @value or children {hasValue() or (children().count() > id.count())}
ext-1:Must have either extensions or value[x], not both {extension.exists() != value.exists()}"
"sm-patient","Patient.communication.language","Patient.communication.language","","","",1,1,"","","","CodeableConcept {[]} {[]}
","The language which can be used to communicate with the patient about his or her health","The ISO-639-1 alpha 2 code in lower case for the language, optionally followed by a hyphen and the ISO-3166-1 alpha 2 code for the region in upper case; e.g. ""en"" for English, or ""en-US"" for American English versus ""en-EN"" for England English.","The structure aa-BB with this exact casing is one the most widely used notations for locale. However not all systems actually code this but instead have it as free text. Hence CodeableConcept instead of code as the data type.","Most systems in multilingual countries will want to convey language. Not all systems actually need the regional dialect.","","","","","","","",,"preferred","A human language.","http://hl7.org/fhir/ValueSet/languages","",,,,"Patient.communication.language",1,1,"","ele-1:All FHIR elements must have a @value or children {hasValue() or (children().count() > id.count())}
"
"sm-patient","Patient.communication.preferred","Patient.communication.preferred","","","",0,1,"","","","boolean {[]} {[]}
","Language preference indicator","Indicates whether or not the patient prefers this language (over other languages he masters up a certain level).","This language is specifically identified for communicating healthcare information.","People that master multiple languages up to certain level may prefer one or more, i.e. feel more confident in communicating in a particular language making other languages sort of a fall back method.","","","","","","","",,,,,"",,,,"Patient.communication.preferred",0,1,"","ele-1:All FHIR elements must have a @value or children {hasValue() or (children().count() > id.count())}
"
"sm-patient","Patient.generalPractitioner","Patient.generalPractitioner","","careProvider
","",0,*,"","","","Reference {[]} {[CanonicalType[http://hl7.org/fhir/StructureDefinition/Organization], CanonicalType[http://hl7.org/fhir/StructureDefinition/Practitioner], CanonicalType[http://hl7.org/fhir/StructureDefinition/PractitionerRole]]}
","Patient's nominated primary care provider","Patient's nominated care provider.","This may be the primary care provider (in a GP context), or it may be a patient nominated care manager in a community/disability setting, or even organization that will provide people to perform the care provider roles.  It is not to be used to record Care Teams, these should be in a CareTeam resource that may be linked to the CarePlan or EpisodeOfCare resources.
Multiple GPs may be recorded against the patient for various reasons, such as a student that has his home GP listed along with the GP at university during the school semesters, or a ""fly-in/fly-out"" worker that has the onsite GP also included with his home GP to remain aware of medical issues.

Jurisdictions may decide that they can profile this down to 1 if desired, or 1 per type.","","","","","","","","",,,,,"",,,,"Patient.generalPractitioner",0,*,"","ele-1:All FHIR elements must have a @value or children {hasValue() or (children().count() > id.count())}
"
"sm-patient","Patient.managingOrganization","Patient.managingOrganization","","","",0,1,"","","Y","Reference {[]} {[CanonicalType[http://hl7.org/fhir/StructureDefinition/Organization]]}
","Organization that is the custodian of the patient record","Organization that is the custodian of the patient record.","There is only one managing organization for a specific patient record. Other organizations will have their own Patient record, and may use the Link property to join the records together (or a Person resource which can include confidence ratings for the association).","Need to know who recognizes this patient record, manages and updates it.","","","","","","","",,,,,"",,,,"Patient.managingOrganization",0,1,"","ele-1:All FHIR elements must have a @value or children {hasValue() or (children().count() > id.count())}
"
"sm-patient","Patient.link","Patient.link","","","",0,*,"","Y","Y","BackboneElement {[]} {[]}
","Link to another patient resource that concerns the same actual person","Link to another patient resource that concerns the same actual patient.","There is no assumption that linked patient records have mutual links.","There are multiple use cases:   

* Duplicate patient records due to the clerical errors associated with the difficulties of identifying humans consistently, and 
* Distribution of patient information across multiple servers.","","","","","","","",,,,,"",,,,"Patient.link",0,*,"","ele-1:All FHIR elements must have a @value or children {hasValue() or (children().count() > id.count())}
"
"sm-patient","Patient.link.id","Patient.link.id","","","",0,1,"","","","string {[]} {[]}
","Unique id for inter-element referencing","Unique id for the element within a resource (for internal references). This may be any string value that does not contain spaces.","","","","","","","","","",,,,,"",,,,"Element.id",0,1,"",""
"sm-patient","Patient.link.extension","Patient.link.extension","","extensions
user content","",0,*,"","","","Extension {[]} {[]}
","Additional content defined by implementations","May be used to represent additional information that is not part of the basic definition of the element. To make the use of extensions safe and manageable, there is a strict set of governance  applied to the definition and use of extensions. Though any implementer can define an extension, there is a set of requirements that SHALL be met as part of the definition of the extension.","There can be no stigma associated with the use of extensions by any application, project, or standard - regardless of the institution or jurisdiction that uses or defines the extensions.  The use of extensions is what allows the FHIR specification to retain a core level of simplicity for everyone.","","","","","","","","",,,,,"",,,,"Element.extension",0,*,"","ele-1:All FHIR elements must have a @value or children {hasValue() or (children().count() > id.count())}
ext-1:Must have either extensions or value[x], not both {extension.exists() != value.exists()}"
"sm-patient","Patient.link.modifierExtension","Patient.link.modifierExtension","","extensions
user contentmodifiers","",0,*,"","Y","Y","Extension {[]} {[]}
","Extensions that cannot be ignored even if unrecognized","May be used to represent additional information that is not part of the basic definition of the element and that modifies the understanding of the element in which it is contained and/or the understanding of the containing element's descendants. Usually modifier elements provide negation or qualification. To make the use of extensions safe and manageable, there is a strict set of governance applied to the definition and use of extensions. Though any implementer can define an extension, there is a set of requirements that SHALL be met as part of the definition of the extension. Applications processing a resource are required to check for modifier extensions.

Modifier extensions SHALL NOT change the meaning of any elements on Resource or DomainResource (including cannot change the meaning of modifierExtension itself).","There can be no stigma associated with the use of extensions by any application, project, or standard - regardless of the institution or jurisdiction that uses or defines the extensions.  The use of extensions is what allows the FHIR specification to retain a core level of simplicity for everyone.","Modifier extensions allow for extensions that *cannot* be safely ignored to be clearly distinguished from the vast majority of extensions which can be safely ignored.  This promotes interoperability by eliminating the need for implementers to prohibit the presence of extensions. For further information, see the [definition of modifier extensions](http://hl7.org/fhir/R4/extensibility.html#modifierExtension).","","","","","","","",,,,,"",,,,"BackboneElement.modifierExtension",0,*,"","ele-1:All FHIR elements must have a @value or children {hasValue() or (children().count() > id.count())}
ext-1:Must have either extensions or value[x], not both {extension.exists() != value.exists()}"
"sm-patient","Patient.link.other","Patient.link.other","","","",1,1,"","","Y","Reference {[]} {[CanonicalType[http://hl7.org/fhir/StructureDefinition/Patient], CanonicalType[http://hl7.org/fhir/StructureDefinition/RelatedPerson]]}
","The other patient or related person resource that the link refers to","The other patient resource that the link refers to.","Referencing a RelatedPerson here removes the need to use a Person record to associate a Patient and RelatedPerson as the same individual.","","","","","","","","",,,,,"",,,,"Patient.link.other",1,1,"","ele-1:All FHIR elements must have a @value or children {hasValue() or (children().count() > id.count())}
"
"sm-patient","Patient.link.type","Patient.link.type","","","",1,1,"","","Y","code {[]} {[]}
","replaced-by | replaces | refer | seealso","The type of link between this patient resource and another patient resource.","","","","","","","","","",,"required","The type of link between this patient resource and another patient resource.","http://hl7.org/fhir/ValueSet/link-type|4.0.1","",,,,"Patient.link.type",1,1,"","ele-1:All FHIR elements must have a @value or children {hasValue() or (children().count() > id.count())}
"
